               epoch,      train/box_loss,      train/obj_loss,      train/cls_loss,   metrics/precision,      metrics/recall,     metrics/mAP_0.5,metrics/mAP_0.5:0.95,        val/box_loss,        val/obj_loss,        val/cls_loss,               x/lr0,               x/lr1,               x/lr2
                   0,             0.11997,            0.055243,            0.042467,          0.00020557,            0.020833,           0.0001526,          2.1273e-05,            0.093274,            0.025682,            0.039981,              0.0964,              0.0004,              0.0004
                   1,             0.11562,             0.05696,            0.040479,           0.0012156,            0.025123,          0.00063803,          6.3803e-05,            0.084601,            0.030913,            0.034607,            0.091897,          0.00089703,          0.00089703
                   2,             0.10757,            0.060809,             0.03784,           0.0073556,             0.13297,           0.0063787,           0.0015159,             0.07734,            0.035214,            0.027603,            0.087391,           0.0013908,           0.0013908
                   3,            0.099152,            0.064095,            0.033919,           0.0092062,             0.11581,           0.0064397,           0.0015548,            0.074115,            0.036484,            0.025003,            0.082881,           0.0018812,           0.0018812
                   4,             0.10079,             0.06835,            0.031564,           0.0090655,             0.21446,           0.0089443,           0.0017324,             0.07516,            0.035791,            0.022211,            0.078368,           0.0023683,           0.0023683
                   5,            0.095743,            0.065115,             0.02797,           0.0063501,             0.13051,           0.0041752,           0.0013619,            0.072906,            0.054898,            0.018242,            0.073852,           0.0028522,           0.0028522
                   6,            0.092779,            0.067225,            0.024692,             0.33808,             0.11949,           0.0028389,          0.00075172,            0.079199,            0.077995,              0.0168,            0.069333,           0.0033327,           0.0033327
                   7,            0.091738,            0.066334,            0.023969,             0.34242,             0.20833,           0.0065225,           0.0015207,             0.07679,            0.098385,            0.017276,             0.06481,           0.0038099,           0.0038099
                   8,            0.086659,            0.061841,             0.02501,             0.37847,             0.24326,            0.037605,           0.0072175,            0.068556,            0.065851,            0.017807,            0.060284,           0.0042838,           0.0042838
                   9,             0.09008,            0.066072,            0.020364,            0.019627,             0.34559,            0.018635,           0.0042431,            0.066381,            0.055754,            0.014642,            0.055754,           0.0047545,           0.0047545
                  10,            0.085047,            0.052388,            0.020557,             0.39817,             0.23958,            0.093307,            0.016382,             0.07271,            0.036182,            0.013038,            0.051222,           0.0052218,           0.0052218
                  11,            0.086958,            0.051493,            0.019803,             0.47936,             0.27328,             0.17692,            0.039924,            0.070532,            0.030409,            0.012108,            0.046686,           0.0056858,           0.0056858
                  12,            0.083748,            0.053938,            0.018407,            0.052848,             0.47488,            0.053358,            0.012844,            0.064879,            0.031054,            0.012487,            0.042147,           0.0061466,           0.0061466
                  13,            0.088361,            0.048408,            0.019838,             0.50622,              0.2451,              0.1915,            0.044687,            0.060673,            0.031641,            0.012238,            0.037604,            0.006604,            0.006604
                  14,            0.087564,            0.049944,            0.017647,            0.063109,             0.54779,            0.056332,            0.012448,            0.061043,            0.029063,            0.010794,            0.033058,           0.0070581,           0.0070581
                  15,            0.088479,            0.046396,            0.017245,            0.040629,             0.61275,            0.049991,            0.016854,            0.077852,            0.023846,            0.009165,            0.028509,           0.0075089,           0.0075089
                  16,            0.087257,            0.042645,            0.017032,             0.56085,             0.28615,             0.32042,              0.1036,            0.068164,             0.02746,           0.0097927,            0.023956,           0.0079565,           0.0079565
                  17,            0.091797,            0.037469,            0.017713,            0.026366,             0.54841,             0.04001,           0.0075084,            0.073791,            0.025483,           0.0097481,            0.019401,           0.0084007,           0.0084007
                  18,            0.089384,            0.044071,            0.015984,             0.34516,              0.5999,              0.4145,             0.10048,            0.061048,            0.023474,           0.0091759,            0.014842,           0.0088416,           0.0088416
                  19,            0.086526,            0.047778,            0.015436,             0.64159,             0.43627,             0.46023,            0.078604,            0.062139,            0.056411,           0.0093318,            0.010279,           0.0092793,           0.0092793
                  20,            0.092059,            0.046146,            0.013552,             0.50763,             0.28025,             0.26074,            0.064938,            0.058655,            0.024682,           0.0077811,             0.00934,             0.00934,             0.00934
                  21,            0.082881,            0.037969,            0.015598,             0.13424,             0.79167,             0.21592,            0.063083,            0.058457,            0.026056,           0.0073119,             0.00934,             0.00934,             0.00934
                  22,            0.079073,            0.042858,            0.015485,             0.59368,             0.30147,             0.36365,             0.12001,            0.056444,            0.039984,           0.0075577,            0.009307,            0.009307,            0.009307
                  23,            0.073605,            0.049226,            0.014429,             0.16608,             0.89706,              0.2512,            0.051931,            0.058634,            0.033237,           0.0076715,            0.009274,            0.009274,            0.009274
                  24,            0.083375,            0.043619,            0.014965,             0.76189,             0.57721,             0.75332,             0.21335,            0.046796,            0.024091,           0.0073551,            0.009241,            0.009241,            0.009241
                  25,            0.078713,            0.043153,            0.015276,             0.10182,             0.30086,            0.091619,            0.015487,            0.067135,            0.035968,            0.007075,            0.009208,            0.009208,            0.009208
                  26,            0.079656,            0.043836,             0.01213,             0.79703,             0.44861,              0.5032,             0.14186,            0.054289,            0.022224,           0.0072098,            0.009175,            0.009175,            0.009175
                  27,            0.069987,            0.042759,            0.013717,            0.093104,                 0.5,             0.15061,            0.056903,            0.077906,            0.035369,           0.0062728,            0.009142,            0.009142,            0.009142
                  28,            0.084543,            0.043246,             0.01471,              0.6025,             0.95895,             0.84282,             0.30965,             0.05431,            0.019435,           0.0058411,            0.009109,            0.009109,            0.009109
                  29,            0.071942,             0.03813,            0.012824,             0.33901,             0.83333,             0.44228,             0.11439,            0.061891,            0.022882,           0.0056233,            0.009076,            0.009076,            0.009076
                  30,            0.076713,            0.041977,            0.015212,              0.3624,             0.81156,              0.5787,             0.14302,            0.056869,            0.025169,           0.0056193,            0.009043,            0.009043,            0.009043
                  31,            0.071879,            0.034181,            0.011648,             0.44399,             0.74877,             0.57095,             0.25826,            0.042137,            0.026375,           0.0054703,             0.00901,             0.00901,             0.00901
                  32,            0.076294,            0.039871,            0.010298,             0.71982,             0.86213,             0.87796,             0.24088,            0.046993,            0.025088,           0.0046474,            0.008977,            0.008977,            0.008977
                  33,            0.072926,            0.035207,            0.012255,             0.39759,               0.875,             0.65467,             0.20197,            0.062719,            0.028596,           0.0050192,            0.008944,            0.008944,            0.008944
                  34,             0.07423,            0.036351,            0.010285,             0.39719,             0.62439,              0.7041,              0.3078,            0.055462,            0.020767,           0.0052989,            0.008911,            0.008911,            0.008911
                  35,            0.069876,             0.03797,            0.010792,             0.77921,             0.94807,             0.94049,             0.34691,            0.045364,            0.025019,           0.0049908,            0.008878,            0.008878,            0.008878
                  36,            0.068097,            0.038349,            0.010992,             0.62376,             0.94969,             0.91621,             0.31208,            0.042028,            0.027921,           0.0054874,            0.008845,            0.008845,            0.008845
                  37,            0.060688,            0.037783,            0.013677,             0.56941,             0.89583,             0.67023,              0.1862,            0.043629,            0.028506,           0.0044761,            0.008812,            0.008812,            0.008812
                  38,            0.065642,            0.038097,            0.010985,             0.74334,             0.93015,             0.80852,             0.41923,              0.0447,            0.024703,           0.0041539,            0.008779,            0.008779,            0.008779
                  39,            0.059478,            0.037065,            0.012691,             0.82699,             0.84554,             0.90685,              0.3346,            0.043245,            0.029713,           0.0045004,            0.008746,            0.008746,            0.008746
                  40,             0.06733,            0.034014,            0.011514,             0.82926,             0.89583,             0.87961,             0.24892,            0.042132,            0.026997,           0.0046203,            0.008713,            0.008713,            0.008713
                  41,            0.061269,            0.031181,            0.012172,             0.67308,             0.90196,             0.77331,              0.2517,            0.052811,            0.025151,           0.0040183,             0.00868,             0.00868,             0.00868
                  42,             0.06537,            0.034825,            0.011354,             0.67952,             0.82659,             0.75726,             0.18907,            0.046487,            0.024713,           0.0042944,            0.008647,            0.008647,            0.008647
                  43,              0.0611,            0.037299,            0.010184,              0.6732,             0.84516,             0.73496,             0.28114,             0.03811,            0.021725,           0.0039053,            0.008614,            0.008614,            0.008614
                  44,            0.063712,            0.036567,           0.0085231,              0.7589,             0.94706,             0.90057,             0.35227,             0.04626,            0.021074,           0.0041436,            0.008581,            0.008581,            0.008581
                  45,            0.062163,            0.031062,             0.01116,              0.8422,              0.7877,             0.83824,             0.37241,            0.043082,            0.022135,           0.0043447,            0.008548,            0.008548,            0.008548
                  46,            0.060327,            0.036932,            0.011657,             0.76635,             0.86186,             0.89637,             0.35188,            0.036857,            0.021632,           0.0043121,            0.008515,            0.008515,            0.008515
                  47,            0.056608,            0.034991,            0.011606,             0.76661,             0.86689,             0.77897,             0.39279,            0.042044,            0.024194,           0.0040581,            0.008482,            0.008482,            0.008482
                  48,            0.057821,            0.031456,           0.0095475,             0.73734,             0.94614,             0.88552,             0.45281,            0.033849,            0.022032,           0.0036744,            0.008449,            0.008449,            0.008449
                  49,            0.058479,            0.038443,           0.0094219,             0.75404,             0.94037,             0.80748,             0.33708,            0.047729,            0.025857,           0.0037622,            0.008416,            0.008416,            0.008416
                  50,            0.062346,            0.037229,           0.0091457,             0.86644,              0.9586,             0.97689,             0.49856,            0.034678,            0.020896,           0.0034842,            0.008383,            0.008383,            0.008383
                  51,            0.055364,            0.037807,              0.0102,             0.76594,             0.90919,             0.73171,             0.25922,            0.040365,            0.023042,           0.0033508,             0.00835,             0.00835,             0.00835
                  52,            0.058786,            0.037603,           0.0099386,             0.70107,             0.98657,             0.89611,             0.56472,            0.037744,            0.022498,           0.0032144,            0.008317,            0.008317,            0.008317
                  53,            0.056767,            0.038943,            0.010742,             0.81989,             0.98678,             0.82706,             0.37929,            0.039426,            0.021605,           0.0030447,            0.008284,            0.008284,            0.008284
                  54,            0.052812,            0.034004,            0.010617,             0.82343,               0.996,             0.98072,             0.46507,            0.034966,            0.020728,            0.002702,            0.008251,            0.008251,            0.008251
                  55,            0.051056,            0.034343,           0.0097822,             0.98222,             0.97917,             0.99382,             0.42497,            0.035337,            0.024761,           0.0028994,            0.008218,            0.008218,            0.008218
                  56,            0.058202,             0.03649,           0.0091703,             0.95791,              0.9902,              0.9883,             0.48866,            0.038995,            0.022561,           0.0027672,            0.008185,            0.008185,            0.008185
                  57,            0.053509,             0.03568,           0.0091728,             0.98334,             0.99793,             0.99409,             0.45119,             0.03437,            0.020628,           0.0028021,            0.008152,            0.008152,            0.008152
                  58,            0.049721,            0.038056,           0.0086199,             0.98082,                   1,              0.9949,              0.4529,            0.031216,            0.020494,           0.0024136,            0.008119,            0.008119,            0.008119
                  59,            0.047075,            0.033779,           0.0084997,             0.70981,             0.94246,             0.93125,             0.48107,            0.034541,            0.021698,           0.0022877,            0.008086,            0.008086,            0.008086
                  60,            0.056449,            0.032636,            0.010755,             0.85671,             0.96875,             0.96575,             0.48063,            0.035834,            0.020991,            0.002142,            0.008053,            0.008053,            0.008053
                  61,            0.049374,            0.038758,            0.011494,             0.87265,             0.95588,             0.94183,             0.38402,            0.038423,            0.021243,            0.002076,             0.00802,             0.00802,             0.00802
                  62,            0.050915,            0.032432,           0.0090836,              0.7289,             0.99933,             0.92955,             0.45554,            0.029317,            0.020703,           0.0021223,            0.007987,            0.007987,            0.007987
                  63,            0.047478,            0.035004,           0.0074643,             0.53228,             0.98529,             0.62845,              0.2541,             0.04092,            0.021299,           0.0019312,            0.007954,            0.007954,            0.007954
                  64,            0.054662,            0.032019,             0.00835,             0.66557,                   1,             0.84367,             0.37197,            0.034047,            0.019807,           0.0020159,            0.007921,            0.007921,            0.007921
                  65,             0.05105,              0.0349,           0.0085801,             0.81471,                   1,              0.8598,             0.38238,            0.038978,            0.019822,           0.0018225,            0.007888,            0.007888,            0.007888
                  66,            0.046633,            0.031506,           0.0066494,             0.83088,                   1,             0.95748,             0.44375,            0.031431,            0.019254,           0.0018665,            0.007855,            0.007855,            0.007855
                  67,            0.044944,            0.030947,            0.007757,             0.67407,             0.99629,             0.85885,             0.44931,            0.034525,            0.021375,            0.001755,            0.007822,            0.007822,            0.007822
                  68,            0.053866,            0.029965,           0.0063672,             0.98495,             0.99909,               0.995,             0.47136,            0.034455,             0.01975,            0.001765,            0.007789,            0.007789,            0.007789
                  69,            0.053971,            0.031636,           0.0087309,               0.826,                   1,             0.97568,             0.48533,            0.032425,            0.018966,           0.0016906,            0.007756,            0.007756,            0.007756
                  70,            0.051158,            0.032421,           0.0077126,             0.97482,             0.99683,             0.99347,             0.42269,            0.036009,            0.019123,           0.0017017,            0.007723,            0.007723,            0.007723
                  71,            0.048181,            0.032223,            0.008871,             0.83423,                   1,             0.95431,             0.55447,            0.031568,             0.01972,           0.0018414,             0.00769,             0.00769,             0.00769
                  72,            0.050632,            0.032033,           0.0078059,             0.99678,                   1,               0.995,             0.43109,            0.032009,            0.019009,           0.0016877,            0.007657,            0.007657,            0.007657
                  73,            0.046711,            0.031932,           0.0069508,             0.86741,             0.99265,             0.94216,             0.40331,            0.036157,            0.020525,           0.0016122,            0.007624,            0.007624,            0.007624
                  74,            0.048268,            0.037632,           0.0064422,             0.95773,             0.97358,             0.99167,             0.61621,            0.029682,            0.021324,           0.0015681,            0.007591,            0.007591,            0.007591
                  75,            0.047107,            0.034475,           0.0088265,             0.98292,             0.98958,             0.97906,             0.48938,            0.031912,            0.023652,           0.0019798,            0.007558,            0.007558,            0.007558
                  76,            0.046352,            0.039607,           0.0073034,             0.99386,                   1,               0.995,             0.63263,            0.027452,            0.019257,           0.0016994,            0.007525,            0.007525,            0.007525
                  77,            0.047589,            0.032767,           0.0076915,             0.75882,             0.97672,              0.9308,             0.27425,            0.034959,            0.021172,            0.001692,            0.007492,            0.007492,            0.007492
                  78,            0.049661,            0.030588,           0.0077641,             0.83571,                   1,             0.97425,             0.65241,            0.030619,            0.018822,           0.0015627,            0.007459,            0.007459,            0.007459
                  79,            0.045545,            0.035715,           0.0096573,             0.94469,                   1,             0.98684,             0.40707,            0.037325,            0.019629,           0.0015138,            0.007426,            0.007426,            0.007426
                  80,            0.050285,            0.028562,           0.0077141,             0.83385,              0.9902,             0.94526,             0.61196,            0.032263,            0.018732,           0.0014737,            0.007393,            0.007393,            0.007393
                  81,            0.046336,            0.030881,           0.0061336,             0.98661,                   1,               0.995,             0.48942,            0.028247,            0.018764,           0.0013412,             0.00736,             0.00736,             0.00736
                  82,            0.043563,            0.026753,           0.0076571,             0.99648,                   1,               0.995,             0.64369,            0.029426,            0.017864,           0.0013561,            0.007327,            0.007327,            0.007327
                  83,            0.038031,            0.031374,           0.0060933,             0.98044,                   1,               0.995,             0.42249,            0.032201,            0.020686,            0.001385,            0.007294,            0.007294,            0.007294
                  84,            0.048401,            0.033079,           0.0060864,             0.99712,                   1,               0.995,             0.59063,            0.026105,            0.017509,           0.0014874,            0.007261,            0.007261,            0.007261
                  85,            0.045595,            0.029741,           0.0051985,               0.651,                   1,             0.87802,             0.33593,            0.037692,            0.019292,           0.0013438,            0.007228,            0.007228,            0.007228
                  86,            0.046401,            0.028207,           0.0074633,             0.93528,                   1,             0.97579,             0.62151,            0.029084,            0.017475,           0.0013498,            0.007195,            0.007195,            0.007195
                  87,             0.04111,            0.027572,           0.0055385,             0.90368,             0.99755,             0.97689,             0.49154,            0.031537,            0.019191,           0.0012837,            0.007162,            0.007162,            0.007162
                  88,            0.048168,            0.030077,           0.0075502,             0.95127,                   1,               0.995,             0.55079,            0.033024,            0.017992,           0.0012734,            0.007129,            0.007129,            0.007129
                  89,            0.044954,            0.031392,           0.0043684,             0.99363,                   1,               0.995,              0.5641,            0.026566,            0.019227,           0.0012651,            0.007096,            0.007096,            0.007096
                  90,            0.044004,            0.028386,           0.0062547,             0.99572,                   1,               0.995,             0.64328,            0.028049,            0.017758,           0.0013973,            0.007063,            0.007063,            0.007063
                  91,            0.041731,            0.026211,           0.0083582,             0.89362,                   1,             0.97395,             0.45891,            0.034411,            0.019634,           0.0011928,             0.00703,             0.00703,             0.00703
                  92,            0.048997,            0.034547,           0.0055542,             0.99407,                   1,               0.995,             0.64378,            0.026243,            0.017095,           0.0011945,            0.006997,            0.006997,            0.006997
                  93,             0.04422,            0.029881,           0.0088591,             0.96678,             0.97917,             0.96167,             0.44632,            0.033784,            0.019201,           0.0011381,            0.006964,            0.006964,            0.006964
                  94,             0.04232,            0.027525,            0.006144,              0.9937,                   1,               0.995,             0.64963,            0.026753,            0.016809,           0.0010612,            0.006931,            0.006931,            0.006931
                  95,            0.043128,            0.029291,           0.0081452,             0.88509,             0.98284,             0.94398,             0.48103,            0.033704,             0.01828,           0.0010683,            0.006898,            0.006898,            0.006898
                  96,            0.046038,            0.029695,           0.0087402,             0.88689,             0.99796,             0.97715,             0.63895,            0.028326,            0.017357,           0.0011687,            0.006865,            0.006865,            0.006865
                  97,            0.042773,            0.030469,           0.0073496,              0.6654,                   1,             0.85314,             0.51711,            0.028216,            0.016934,            0.001135,            0.006832,            0.006832,            0.006832
                  98,            0.042091,            0.030799,           0.0091392,             0.99553,                   1,               0.995,             0.67301,            0.026617,             0.01668,           0.0011447,            0.006799,            0.006799,            0.006799
                  99,            0.039308,             0.02651,            0.006267,             0.91803,                   1,              0.9564,             0.57021,            0.034008,            0.016323,           0.0010909,            0.006766,            0.006766,            0.006766
                 100,            0.046792,            0.028547,            0.007184,             0.99722,                   1,               0.995,             0.53678,            0.027201,            0.016291,           0.0011601,            0.006733,            0.006733,            0.006733
                 101,            0.042955,            0.032877,           0.0067221,             0.88613,                   1,             0.97924,             0.49127,            0.034081,            0.019571,           0.0010311,              0.0067,              0.0067,              0.0067
                 102,            0.042075,            0.032001,           0.0049937,             0.99762,                   1,               0.995,             0.66814,            0.024068,             0.01615,           0.0011476,            0.006667,            0.006667,            0.006667
                 103,            0.038983,            0.028362,           0.0064008,             0.99508,                   1,               0.995,             0.54786,            0.028067,            0.018996,           0.0011015,            0.006634,            0.006634,            0.006634
                 104,            0.041922,            0.027689,           0.0054068,             0.99184,                   1,             0.99366,             0.65066,            0.026481,            0.015859,           0.0011644,            0.006601,            0.006601,            0.006601
                 105,            0.043216,            0.033207,           0.0080648,             0.94716,                   1,             0.98886,             0.56236,            0.030636,            0.017573,           0.0012053,            0.006568,            0.006568,            0.006568
                 106,            0.043128,             0.02875,            0.004777,             0.91924,             0.99775,             0.98293,             0.65418,            0.026677,             0.01687,           0.0012105,            0.006535,            0.006535,            0.006535
                 107,            0.039287,            0.029765,           0.0074206,             0.90613,                   1,              0.9588,             0.60505,            0.027948,            0.017504,           0.0012437,            0.006502,            0.006502,            0.006502
                 108,            0.046083,            0.029555,           0.0070387,             0.99465,                   1,               0.995,             0.73497,            0.022685,            0.015957,           0.0012248,            0.006469,            0.006469,            0.006469
                 109,             0.04013,            0.025777,           0.0056066,              0.9957,                   1,               0.995,             0.58721,            0.027337,            0.016489,           0.0012526,            0.006436,            0.006436,            0.006436
                 110,            0.040358,            0.028039,           0.0074954,             0.99606,                   1,               0.995,             0.74056,            0.023017,            0.015273,           0.0011859,            0.006403,            0.006403,            0.006403
                 111,            0.034072,            0.026211,           0.0067029,             0.99689,                   1,               0.995,             0.68984,            0.024059,            0.015908,           0.0010929,             0.00637,             0.00637,             0.00637
                 112,            0.041803,            0.030467,           0.0074882,             0.99754,                   1,               0.995,             0.60241,            0.029984,            0.016814,           0.0011521,            0.006337,            0.006337,            0.006337
                 113,            0.042343,            0.033007,           0.0062903,             0.99736,                   1,               0.995,             0.66504,            0.024278,            0.016031,            0.001167,            0.006304,            0.006304,            0.006304
                 114,            0.040601,            0.027398,           0.0042099,             0.99674,                   1,               0.995,             0.59799,            0.027002,            0.016754,           0.0012028,            0.006271,            0.006271,            0.006271
                 115,            0.039986,            0.031456,           0.0060045,             0.98907,             0.99755,             0.99495,             0.55908,            0.030469,            0.017528,           0.0012322,            0.006238,            0.006238,            0.006238
                 116,            0.045465,            0.028163,           0.0033673,             0.85811,             0.99904,             0.96294,             0.64827,             0.02937,            0.017511,           0.0012042,            0.006205,            0.006205,            0.006205
                 117,            0.043195,            0.029963,           0.0083075,             0.99303,                   1,               0.995,             0.64561,            0.030331,            0.017329,           0.0011676,            0.006172,            0.006172,            0.006172
                 118,            0.039636,            0.030417,            0.007779,             0.99446,                   1,               0.995,              0.6808,            0.025536,            0.016093,           0.0012374,            0.006139,            0.006139,            0.006139
                 119,            0.034813,            0.026956,           0.0042612,             0.83053,                   1,             0.99277,             0.54639,            0.027494,            0.017809,           0.0012071,            0.006106,            0.006106,            0.006106
                 120,            0.043731,            0.029473,             0.00715,             0.99757,                   1,               0.995,             0.71922,            0.023749,            0.015923,           0.0011845,            0.006073,            0.006073,            0.006073
                 121,            0.040192,            0.030296,           0.0054049,             0.99793,                   1,               0.995,             0.56803,            0.029057,            0.017383,           0.0011656,             0.00604,             0.00604,             0.00604
                 122,            0.040899,            0.031687,           0.0078458,             0.99742,                   1,               0.995,             0.69776,            0.024677,            0.016023,           0.0012342,            0.006007,            0.006007,            0.006007
                 123,            0.034546,            0.026649,           0.0054165,             0.99724,                   1,               0.995,             0.65985,            0.028344,            0.016763,           0.0013295,            0.005974,            0.005974,            0.005974
                 124,            0.043851,            0.029591,           0.0061627,             0.99764,                   1,               0.995,             0.77094,            0.024032,            0.015337,            0.001367,            0.005941,            0.005941,            0.005941
                 125,            0.040614,            0.026852,           0.0059047,              0.8893,                   1,             0.99045,             0.62434,            0.030468,              0.0164,           0.0013762,            0.005908,            0.005908,            0.005908
                 126,            0.039067,            0.025014,           0.0069247,             0.99803,                   1,               0.995,             0.78257,            0.025796,            0.014863,           0.0013776,            0.005875,            0.005875,            0.005875
                 127,            0.038446,             0.02819,           0.0060017,             0.99741,                   1,               0.995,             0.64068,            0.025031,            0.016566,           0.0012405,            0.005842,            0.005842,            0.005842
                 128,             0.04406,            0.028343,           0.0058731,             0.99795,                   1,               0.995,             0.66415,            0.021746,            0.014714,           0.0012872,            0.005809,            0.005809,            0.005809
                 129,            0.039222,            0.032026,           0.0036721,             0.99758,                   1,               0.995,             0.43914,            0.029359,            0.016514,           0.0011673,            0.005776,            0.005776,            0.005776
                 130,             0.03946,            0.029766,           0.0045363,              0.9982,                   1,               0.995,             0.72169,            0.023106,            0.014865,           0.0011727,            0.005743,            0.005743,            0.005743
                 131,            0.033884,            0.025462,           0.0070245,             0.99742,                   1,               0.995,             0.60526,             0.02339,            0.015744,           0.0011453,             0.00571,             0.00571,             0.00571
                 132,            0.039605,            0.029153,           0.0068517,             0.99733,                   1,               0.995,             0.59557,            0.024387,            0.016801,           0.0011825,            0.005677,            0.005677,            0.005677
                 133,            0.041286,            0.028641,           0.0064251,             0.99774,                   1,               0.995,             0.56449,             0.02518,            0.015737,           0.0010723,            0.005644,            0.005644,            0.005644
                 134,            0.039025,            0.030305,           0.0070358,             0.99788,                   1,               0.995,             0.74545,            0.021199,            0.015542,           0.0011682,            0.005611,            0.005611,            0.005611
                 135,             0.03382,            0.028679,            0.005275,             0.99747,                   1,               0.995,             0.48277,            0.030603,            0.018419,           0.0011381,            0.005578,            0.005578,            0.005578
                 136,             0.04284,             0.03078,           0.0049881,             0.99736,                   1,               0.995,             0.75473,            0.021108,            0.015035,           0.0012197,            0.005545,            0.005545,            0.005545
                 137,            0.034327,            0.028319,            0.003804,             0.99738,                   1,               0.995,             0.67911,            0.026645,            0.018069,           0.0010617,            0.005512,            0.005512,            0.005512
                 138,            0.040818,            0.030845,            0.007084,             0.99713,                   1,               0.995,             0.63645,            0.025165,            0.015618,           0.0011444,            0.005479,            0.005479,            0.005479
                 139,            0.035699,            0.026283,           0.0055885,             0.99225,                   1,               0.995,             0.56266,            0.028388,            0.017087,          0.00098562,            0.005446,            0.005446,            0.005446
                 140,            0.041219,            0.028788,            0.006904,             0.99798,                   1,               0.995,             0.66044,            0.024394,            0.016412,           0.0009799,            0.005413,            0.005413,            0.005413
                 141,            0.033989,            0.025489,           0.0053172,             0.99721,                   1,               0.995,             0.69209,            0.023674,            0.015474,          0.00098648,             0.00538,             0.00538,             0.00538
                 142,            0.034648,             0.02471,           0.0049538,             0.99708,                   1,               0.995,             0.68113,            0.022839,            0.016855,           0.0010074,            0.005347,            0.005347,            0.005347
                 143,            0.035247,              0.0262,           0.0050845,             0.99165,                   1,               0.995,             0.64167,            0.026047,            0.018919,           0.0010626,            0.005314,            0.005314,            0.005314
                 144,            0.041615,            0.031419,            0.008194,             0.99558,                   1,               0.995,             0.76369,            0.021947,            0.015249,           0.0011204,            0.005281,            0.005281,            0.005281
                 145,            0.037699,            0.024344,           0.0062085,              0.9745,             0.99418,              0.9949,              0.6902,            0.027907,             0.01942,           0.0011021,            0.005248,            0.005248,            0.005248
                 146,            0.038826,            0.027682,            0.004625,             0.99592,                   1,               0.995,             0.67801,            0.027649,             0.01592,           0.0010755,            0.005215,            0.005215,            0.005215
                 147,            0.036565,            0.024896,           0.0065881,             0.99662,                   1,               0.995,             0.60961,            0.027355,            0.019738,          0.00096359,            0.005182,            0.005182,            0.005182
                 148,            0.042389,            0.026532,           0.0066661,             0.99673,                   1,               0.995,             0.58202,            0.029363,            0.020554,          0.00095615,            0.005149,            0.005149,            0.005149
                 149,            0.038952,            0.030704,           0.0068468,             0.99698,                   1,               0.995,             0.73503,            0.021237,            0.016189,            0.000951,            0.005116,            0.005116,            0.005116
                 150,            0.033301,            0.028239,           0.0070044,              0.9972,                   1,               0.995,             0.73451,            0.020525,            0.016062,          0.00091381,            0.005083,            0.005083,            0.005083
                 151,            0.031803,            0.025289,           0.0049797,             0.99738,                   1,               0.995,             0.65919,            0.026019,            0.018311,          0.00090952,             0.00505,             0.00505,             0.00505
                 152,            0.038401,            0.029023,           0.0075483,             0.99705,                   1,               0.995,             0.69214,            0.024079,            0.017094,          0.00092182,            0.005017,            0.005017,            0.005017
                 153,             0.03523,            0.024878,           0.0042774,              0.9977,                   1,               0.995,             0.74316,            0.021921,            0.014602,           0.0008872,            0.004984,            0.004984,            0.004984
                 154,            0.036275,            0.025952,            0.007723,             0.99734,                   1,               0.995,             0.70641,             0.02331,             0.01498,          0.00090265,            0.004951,            0.004951,            0.004951
                 155,            0.035725,            0.025572,           0.0058339,             0.99684,                   1,               0.995,             0.62873,            0.030122,            0.017055,          0.00083141,            0.004918,            0.004918,            0.004918
                 156,            0.040344,            0.027293,           0.0056007,             0.99667,                   1,               0.995,             0.75259,            0.021658,            0.014404,          0.00085144,            0.004885,            0.004885,            0.004885
                 157,            0.035474,            0.029635,           0.0068082,             0.99503,                   1,               0.995,             0.60761,            0.023646,            0.015377,          0.00086775,            0.004852,            0.004852,            0.004852
                 158,            0.035142,             0.02562,           0.0048013,             0.99671,                   1,               0.995,             0.77293,            0.020452,            0.014384,          0.00088091,            0.004819,            0.004819,            0.004819
                 159,            0.031658,            0.022561,           0.0064262,             0.99792,                   1,               0.995,             0.63171,             0.02602,            0.015092,          0.00094271,            0.004786,            0.004786,            0.004786
                 160,            0.034253,            0.022514,           0.0046719,             0.99777,                   1,               0.995,             0.74451,            0.021589,            0.013764,          0.00099134,            0.004753,            0.004753,            0.004753
                 161,            0.036569,            0.024244,            0.005671,             0.99759,                   1,               0.995,             0.68101,            0.024648,            0.014725,            0.001034,             0.00472,             0.00472,             0.00472
                 162,            0.034678,            0.026381,           0.0049301,             0.99764,                   1,               0.995,             0.78173,            0.019435,            0.014683,            0.001044,            0.004687,            0.004687,            0.004687
                 163,            0.033137,            0.027184,           0.0045804,             0.99699,                   1,               0.995,             0.68207,            0.024198,             0.01524,           0.0011573,            0.004654,            0.004654,            0.004654
                 164,            0.036347,             0.02506,           0.0069601,             0.99721,                   1,               0.995,             0.79513,            0.020408,            0.013344,           0.0010855,            0.004621,            0.004621,            0.004621
                 165,            0.035189,            0.027397,           0.0068253,             0.99694,             0.99967,               0.995,              0.7185,            0.022971,            0.016228,           0.0010408,            0.004588,            0.004588,            0.004588
                 166,            0.033335,            0.022411,           0.0063786,             0.99756,                   1,               0.995,             0.79801,             0.01966,            0.013749,           0.0009779,            0.004555,            0.004555,            0.004555
                 167,            0.033127,            0.021514,           0.0063059,             0.99822,                   1,               0.995,             0.59508,            0.026229,            0.015862,          0.00092497,            0.004522,            0.004522,            0.004522
                 168,            0.038989,            0.029281,           0.0057441,             0.99763,                   1,               0.995,             0.76274,            0.021016,            0.013986,          0.00089378,            0.004489,            0.004489,            0.004489
                 169,            0.034655,            0.024633,           0.0052181,             0.99645,                   1,               0.995,             0.70693,             0.02193,            0.013681,          0.00096102,            0.004456,            0.004456,            0.004456
                 170,             0.03469,            0.023824,           0.0060393,             0.99529,                   1,               0.995,             0.75858,            0.021649,            0.014261,          0.00099678,            0.004423,            0.004423,            0.004423
                 171,            0.032248,            0.026423,            0.006145,             0.99124,                   1,               0.995,             0.66847,            0.026062,            0.014801,           0.0012108,             0.00439,             0.00439,             0.00439
                 172,            0.039698,            0.028017,           0.0062974,             0.98965,                   1,               0.995,              0.7825,            0.020124,            0.013955,           0.0012268,            0.004357,            0.004357,            0.004357
                 173,            0.035685,            0.029404,           0.0052449,             0.99469,                   1,               0.995,             0.72954,            0.022427,            0.013825,            0.001036,            0.004324,            0.004324,            0.004324
                 174,            0.037041,             0.02978,           0.0064462,             0.99641,                   1,               0.995,             0.76768,            0.021927,            0.013322,          0.00097418,            0.004291,            0.004291,            0.004291
                 175,            0.033983,            0.024941,           0.0055797,             0.99701,                   1,               0.995,             0.66269,            0.025506,            0.014896,          0.00083599,            0.004258,            0.004258,            0.004258
                 176,            0.037175,            0.027445,           0.0061644,             0.99691,                   1,               0.995,             0.78271,            0.020407,            0.013706,          0.00083256,            0.004225,            0.004225,            0.004225
                 177,            0.033841,            0.022678,           0.0055554,             0.98578,                   1,             0.99434,             0.63373,            0.026623,             0.01494,            0.000842,            0.004192,            0.004192,            0.004192
                 178,             0.03311,            0.026717,           0.0066993,              0.9972,                   1,               0.995,             0.76825,            0.021273,            0.013483,          0.00080023,            0.004159,            0.004159,            0.004159
                 179,            0.032519,            0.027689,           0.0057913,             0.99722,                   1,               0.995,             0.74008,            0.021945,            0.013839,          0.00079451,            0.004126,            0.004126,            0.004126
                 180,            0.035302,            0.026716,           0.0037154,             0.99719,                   1,               0.995,             0.73133,            0.021923,            0.013648,          0.00076303,            0.004093,            0.004093,            0.004093
                 181,            0.035836,            0.025651,           0.0065249,              0.9968,                   1,               0.995,               0.815,            0.020612,            0.013385,          0.00076933,             0.00406,             0.00406,             0.00406
                 182,            0.032416,            0.021504,           0.0036646,             0.99701,                   1,               0.995,             0.75698,            0.021796,            0.013404,          0.00078764,            0.004027,            0.004027,            0.004027
                 183,             0.03091,            0.024992,           0.0039928,              0.9961,                   1,               0.995,             0.71301,            0.025423,            0.015464,           0.0008008,            0.003994,            0.003994,            0.003994
                 184,            0.036925,            0.028597,           0.0047199,             0.99746,                   1,               0.995,             0.71773,            0.021401,            0.013379,          0.00076933,            0.003961,            0.003961,            0.003961
                 185,            0.033878,            0.027146,           0.0061495,             0.99606,                   1,               0.995,             0.71258,             0.02375,            0.015678,          0.00075259,            0.003928,            0.003928,            0.003928
                 186,            0.031679,            0.022591,           0.0037703,             0.99793,                   1,               0.995,             0.77167,            0.019978,            0.013113,           0.0007154,            0.003895,            0.003895,            0.003895
                 187,            0.032365,             0.02369,           0.0043179,             0.99684,                   1,               0.995,             0.79143,            0.019845,               0.014,          0.00066676,            0.003862,            0.003862,            0.003862
                 188,            0.032525,            0.024094,           0.0046094,             0.99774,                   1,               0.995,             0.74189,            0.022778,            0.013734,          0.00065532,            0.003829,            0.003829,            0.003829
                 189,            0.032958,            0.025491,           0.0059413,             0.99788,                   1,               0.995,              0.7843,            0.019642,            0.013058,          0.00068793,            0.003796,            0.003796,            0.003796
                 190,            0.032031,            0.025908,           0.0045048,             0.99759,                   1,               0.995,             0.79081,            0.020736,            0.013454,          0.00070467,            0.003763,            0.003763,            0.003763
                 191,            0.031797,            0.025771,           0.0070743,             0.99717,                   1,               0.995,             0.69897,            0.024996,            0.014644,          0.00068593,             0.00373,             0.00373,             0.00373
                 192,            0.036964,            0.024417,           0.0054501,             0.99645,                   1,               0.995,             0.79594,            0.020083,            0.013803,          0.00068808,            0.003697,            0.003697,            0.003697
                 193,            0.032604,            0.023369,           0.0051273,             0.99739,                   1,               0.995,             0.78857,            0.022296,            0.013543,          0.00069466,            0.003664,            0.003664,            0.003664
                 194,            0.032685,            0.022923,           0.0063021,             0.99767,                   1,               0.995,             0.80265,            0.021333,             0.01307,          0.00068793,            0.003631,            0.003631,            0.003631
                 195,            0.029919,            0.020581,           0.0045511,             0.99781,                   1,               0.995,             0.78364,             0.02107,            0.013879,          0.00067835,            0.003598,            0.003598,            0.003598
                 196,            0.035986,            0.024432,           0.0054931,             0.99847,                   1,               0.995,             0.76213,             0.01965,             0.01304,          0.00067878,            0.003565,            0.003565,            0.003565
                 197,            0.032408,            0.025526,           0.0051535,             0.99822,                   1,               0.995,             0.76312,             0.02116,            0.013057,          0.00068636,            0.003532,            0.003532,            0.003532
                 198,             0.03033,            0.024011,           0.0044254,             0.99799,                   1,               0.995,              0.7852,            0.020941,            0.013283,          0.00068064,            0.003499,            0.003499,            0.003499
                 199,            0.028692,            0.023467,           0.0042366,             0.99819,                   1,               0.995,             0.80147,            0.021202,            0.013912,          0.00069122,            0.003466,            0.003466,            0.003466
                 200,            0.031376,            0.024591,           0.0043158,             0.99799,                   1,               0.995,                0.75,            0.021188,            0.012939,          0.00071726,            0.003433,            0.003433,            0.003433
                 201,            0.031141,            0.027295,           0.0046766,             0.99807,                   1,               0.995,             0.76829,            0.021068,            0.013401,          0.00070767,              0.0034,              0.0034,              0.0034
                 202,            0.030453,            0.027105,            0.006504,             0.99801,                   1,               0.995,             0.78564,            0.020616,            0.012653,          0.00070324,            0.003367,            0.003367,            0.003367
                 203,            0.028929,            0.021906,            0.003849,             0.99782,                   1,               0.995,             0.77608,            0.021001,            0.012751,          0.00070224,            0.003334,            0.003334,            0.003334
                 204,            0.031961,            0.024811,           0.0036193,             0.99833,                   1,               0.995,             0.79256,            0.020333,            0.012933,          0.00067291,            0.003301,            0.003301,            0.003301
                 205,             0.02932,            0.021947,           0.0034844,             0.99818,                   1,               0.995,             0.81782,            0.019583,            0.012049,          0.00067034,            0.003268,            0.003268,            0.003268
                 206,            0.032184,            0.023563,           0.0087577,             0.99836,                   1,               0.995,             0.81099,            0.018914,            0.012625,          0.00065904,            0.003235,            0.003235,            0.003235
                 207,            0.030913,            0.025721,           0.0059213,             0.99835,                   1,               0.995,             0.76845,            0.021715,            0.013225,          0.00063286,            0.003202,            0.003202,            0.003202
                 208,            0.032997,            0.024662,           0.0056557,             0.99852,                   1,               0.995,             0.77598,            0.020401,            0.013201,          0.00062141,            0.003169,            0.003169,            0.003169
                 209,             0.03176,            0.023453,           0.0038452,             0.99859,                   1,               0.995,             0.73217,             0.02064,            0.013788,          0.00058923,            0.003136,            0.003136,            0.003136
                 210,            0.031426,            0.023566,           0.0073158,             0.99858,                   1,               0.995,             0.80266,            0.019034,             0.01307,          0.00057535,            0.003103,            0.003103,            0.003103
                 211,            0.028588,            0.022545,           0.0042259,             0.99853,                   1,               0.995,              0.7627,            0.019372,            0.012982,           0.0005619,             0.00307,             0.00307,             0.00307
                 212,            0.031232,             0.02636,           0.0070195,             0.99848,                   1,               0.995,              0.7749,            0.019749,            0.014184,          0.00056047,            0.003037,            0.003037,            0.003037
                 213,            0.031391,            0.024684,           0.0055159,             0.99838,                   1,               0.995,             0.79873,            0.018525,            0.012361,          0.00055618,            0.003004,            0.003004,            0.003004
                 214,            0.029545,              0.0229,           0.0054888,             0.99833,                   1,               0.995,             0.81145,            0.018964,            0.012895,          0.00054946,            0.002971,            0.002971,            0.002971
                 215,            0.028893,            0.021125,           0.0054647,             0.99834,                   1,               0.995,             0.76966,            0.020159,             0.01339,          0.00054388,            0.002938,            0.002938,            0.002938
                 216,            0.031005,            0.023567,           0.0043818,             0.99842,                   1,               0.995,             0.79489,             0.02046,              0.0136,          0.00054345,            0.002905,            0.002905,            0.002905
                 217,            0.029823,            0.023754,            0.002744,             0.99837,                   1,               0.995,             0.75162,            0.020254,            0.013619,          0.00054603,            0.002872,            0.002872,            0.002872
                 218,            0.033026,            0.022202,           0.0057437,             0.99814,                   1,               0.995,             0.77663,            0.020566,            0.013138,          0.00055246,            0.002839,            0.002839,            0.002839
                 219,            0.031322,            0.024336,            0.003535,             0.99725,                   1,               0.995,             0.76496,            0.019887,            0.013291,          0.00054989,            0.002806,            0.002806,            0.002806
                 220,            0.032773,            0.025977,           0.0047583,             0.99736,                   1,               0.995,             0.79676,            0.019131,            0.012932,          0.00054874,            0.002773,            0.002773,            0.002773
                 221,             0.03288,               0.024,           0.0052172,             0.99755,                   1,               0.995,             0.75728,            0.021625,            0.013454,          0.00054889,             0.00274,             0.00274,             0.00274
                 222,            0.029693,             0.02277,           0.0051049,             0.99759,                   1,               0.995,             0.78262,            0.019972,            0.012749,          0.00055661,            0.002707,            0.002707,            0.002707
                 223,            0.028774,            0.026061,           0.0035528,             0.99754,                   1,               0.995,             0.75979,            0.020941,            0.012699,          0.00056591,            0.002674,            0.002674,            0.002674
                 224,            0.029819,            0.021024,           0.0048982,             0.99745,                   1,               0.995,             0.79343,            0.019488,            0.013085,           0.0005722,            0.002641,            0.002641,            0.002641
                 225,            0.029366,             0.02099,           0.0050035,             0.99719,                   1,               0.995,              0.7903,            0.020342,            0.013443,          0.00056992,            0.002608,            0.002608,            0.002608
                 226,            0.029023,            0.023877,           0.0050089,             0.99698,                   1,               0.995,             0.79951,            0.019438,            0.013828,          0.00057163,            0.002575,            0.002575,            0.002575
                 227,            0.027667,            0.022573,           0.0039209,             0.99725,                   1,               0.995,             0.81003,            0.018889,             0.01239,          0.00056949,            0.002542,            0.002542,            0.002542
                 228,            0.029851,            0.018847,           0.0042475,             0.99716,                   1,               0.995,             0.81136,            0.018939,            0.012909,          0.00056906,            0.002509,            0.002509,            0.002509
                 229,            0.029451,            0.025118,           0.0058879,             0.99688,                   1,               0.995,             0.80331,            0.018651,            0.014389,          0.00056591,            0.002476,            0.002476,            0.002476
                 230,            0.027653,            0.021565,           0.0049805,             0.99739,                   1,               0.995,             0.81521,            0.019133,            0.013481,          0.00057735,            0.002443,            0.002443,            0.002443
                 231,            0.028829,            0.021584,            0.004354,             0.99822,                   1,               0.995,             0.80013,            0.018947,            0.012524,          0.00059795,             0.00241,             0.00241,             0.00241
                 232,            0.028549,            0.022231,           0.0022586,             0.99856,                   1,               0.995,             0.79587,            0.019579,            0.012939,          0.00059567,            0.002377,            0.002377,            0.002377
                 233,            0.027914,            0.020407,           0.0038812,             0.99822,                   1,               0.995,             0.77386,            0.019684,            0.013615,          0.00056863,            0.002344,            0.002344,            0.002344
                 234,            0.029592,            0.025362,           0.0054439,             0.99823,                   1,               0.995,             0.82649,            0.018056,            0.012814,          0.00055876,            0.002311,            0.002311,            0.002311
                 235,            0.027735,            0.021435,           0.0041654,             0.99836,                   1,               0.995,             0.83133,            0.018079,            0.012413,          0.00053158,            0.002278,            0.002278,            0.002278
                 236,            0.029791,            0.022678,           0.0057209,             0.99822,                   1,               0.995,             0.79367,            0.020322,            0.012878,          0.00053129,            0.002245,            0.002245,            0.002245
                 237,            0.031976,            0.027163,           0.0046055,             0.99812,                   1,               0.995,             0.82091,            0.018441,            0.011921,          0.00054417,            0.002212,            0.002212,            0.002212
                 238,            0.028488,            0.019679,           0.0032305,              0.9981,                   1,               0.995,              0.8355,            0.017921,            0.012138,          0.00054045,            0.002179,            0.002179,            0.002179
                 239,            0.028171,            0.022341,           0.0046505,              0.9978,                   1,               0.995,             0.83404,            0.017855,            0.012089,          0.00054488,            0.002146,            0.002146,            0.002146
                 240,            0.029233,            0.020554,           0.0066981,             0.99794,                   1,               0.995,             0.80571,            0.018863,            0.012619,          0.00052485,            0.002113,            0.002113,            0.002113
                 241,            0.028301,            0.021718,           0.0043994,              0.9981,                   1,               0.995,             0.81368,            0.018873,            0.013481,          0.00049996,             0.00208,             0.00208,             0.00208
                 242,            0.028164,            0.026475,           0.0042561,              0.9982,                   1,               0.995,             0.82522,            0.018394,            0.013001,          0.00048881,            0.002047,            0.002047,            0.002047
                 243,            0.028074,            0.024838,           0.0044853,             0.99824,                   1,               0.995,             0.80912,            0.018416,            0.012055,          0.00046749,            0.002014,            0.002014,            0.002014
                 244,            0.029674,            0.022147,           0.0074924,             0.99835,                   1,               0.995,             0.80319,            0.019005,            0.012399,          0.00045791,            0.001981,            0.001981,            0.001981
                 245,            0.028799,            0.019462,            0.001804,             0.99843,                   1,               0.995,             0.81327,            0.019186,            0.012139,          0.00045333,            0.001948,            0.001948,            0.001948
                 246,            0.028492,            0.023872,           0.0039474,             0.99838,                   1,               0.995,             0.83559,            0.017774,            0.011853,           0.0004559,            0.001915,            0.001915,            0.001915
                 247,            0.027968,            0.024855,            0.004365,             0.99827,                   1,               0.995,             0.80712,            0.018632,            0.012647,          0.00046263,            0.001882,            0.001882,            0.001882
                 248,            0.027518,            0.020639,           0.0021092,             0.99828,                   1,               0.995,             0.78725,            0.020119,            0.013334,          0.00046663,            0.001849,            0.001849,            0.001849
                 249,            0.028195,              0.0243,            0.003766,             0.99845,                   1,               0.995,              0.8229,            0.018113,            0.011945,          0.00046964,            0.001816,            0.001816,            0.001816
                 250,            0.027572,            0.022844,           0.0047679,             0.99852,                   1,               0.995,             0.81855,             0.01829,            0.011888,          0.00046835,            0.001783,            0.001783,            0.001783
                 251,            0.028847,            0.024035,           0.0035443,             0.99858,                   1,               0.995,             0.80385,            0.018589,            0.011994,          0.00046763,             0.00175,             0.00175,             0.00175
                 252,             0.02976,            0.023063,           0.0054749,             0.99859,                   1,               0.995,             0.82883,            0.017805,            0.011833,          0.00046735,            0.001717,            0.001717,            0.001717
                 253,            0.027707,            0.023349,           0.0037336,             0.99856,                   1,               0.995,             0.80085,            0.018976,            0.012219,          0.00046062,            0.001684,            0.001684,            0.001684
                 254,            0.029767,            0.026544,           0.0055031,             0.99861,                   1,               0.995,             0.83395,             0.01786,            0.011841,          0.00045691,            0.001651,            0.001651,            0.001651
                 255,            0.027434,             0.02185,           0.0038811,             0.99862,                   1,               0.995,             0.82682,            0.017843,            0.012226,          0.00045261,            0.001618,            0.001618,            0.001618
                 256,            0.027864,            0.025946,           0.0043756,              0.9986,                   1,               0.995,             0.83075,            0.017664,            0.011612,          0.00045118,            0.001585,            0.001585,            0.001585
                 257,            0.027337,            0.022257,           0.0047393,             0.99857,                   1,               0.995,              0.8245,            0.017989,            0.012066,          0.00044303,            0.001552,            0.001552,            0.001552
                 258,            0.026954,            0.020366,            0.004507,             0.99858,                   1,               0.995,             0.83941,            0.017704,            0.011875,          0.00043774,            0.001519,            0.001519,            0.001519
                 259,            0.027885,            0.022392,           0.0035093,             0.99854,                   1,               0.995,             0.81132,            0.018642,            0.011445,          0.00043316,            0.001486,            0.001486,            0.001486
                 260,            0.029292,             0.02085,           0.0069329,             0.99853,                   1,               0.995,             0.82153,            0.017765,            0.011861,          0.00042772,            0.001453,            0.001453,            0.001453
                 261,              0.0275,            0.020321,           0.0045616,             0.99853,                   1,               0.995,             0.82367,             0.01759,            0.011811,          0.00042515,             0.00142,             0.00142,             0.00142
                 262,            0.026203,             0.02034,           0.0038883,             0.99856,                   1,               0.995,             0.82302,            0.017642,            0.012181,          0.00041935,            0.001387,            0.001387,            0.001387
                 263,            0.027712,            0.020397,           0.0052414,             0.99853,                   1,               0.995,             0.82853,            0.017758,            0.012051,          0.00041049,            0.001354,            0.001354,            0.001354
                 264,            0.028376,            0.025506,           0.0040321,             0.99853,                   1,               0.995,             0.82878,            0.017749,            0.011582,          0.00041013,            0.001321,            0.001321,            0.001321
                 265,            0.027426,            0.019268,           0.0038892,             0.99855,                   1,               0.995,             0.82917,            0.018465,            0.012356,          0.00040655,            0.001288,            0.001288,            0.001288
                 266,            0.027699,            0.021182,           0.0044259,             0.99862,                   1,               0.995,             0.83433,             0.01759,            0.011997,          0.00040898,            0.001255,            0.001255,            0.001255
                 267,            0.028015,            0.020766,           0.0040586,             0.99858,                   1,               0.995,             0.83395,            0.017687,            0.011517,          0.00040963,            0.001222,            0.001222,            0.001222
                 268,            0.027296,            0.018948,           0.0051329,             0.99857,                   1,               0.995,             0.82086,            0.018394,            0.012242,          0.00040483,            0.001189,            0.001189,            0.001189
                 269,            0.025025,            0.019558,           0.0030099,             0.99857,                   1,               0.995,                0.84,            0.017477,            0.012085,          0.00039604,            0.001156,            0.001156,            0.001156
                 270,            0.027433,            0.022443,           0.0055961,             0.99865,                   1,               0.995,             0.83273,            0.017592,            0.012196,          0.00038874,            0.001123,            0.001123,            0.001123
                 271,            0.026416,            0.020945,           0.0044233,             0.99853,                   1,               0.995,             0.83076,            0.017927,              0.0118,          0.00038302,             0.00109,             0.00109,             0.00109
                 272,            0.029486,            0.023199,           0.0041107,             0.99855,                   1,               0.995,             0.83645,              0.0176,            0.011689,          0.00037994,            0.001057,            0.001057,            0.001057
                 273,            0.026439,             0.02029,           0.0050491,             0.99857,                   1,               0.995,             0.84309,            0.017482,            0.011784,          0.00038102,            0.001024,            0.001024,            0.001024
                 274,            0.028102,            0.023527,           0.0055406,             0.99849,                   1,               0.995,             0.84115,            0.017356,            0.011647,          0.00038002,            0.000991,            0.000991,            0.000991
                 275,            0.025615,            0.021373,           0.0029333,             0.99845,                   1,               0.995,             0.84102,            0.017358,            0.011826,           0.0003808,            0.000958,            0.000958,            0.000958
                 276,            0.025911,            0.021159,           0.0034858,             0.99848,                   1,               0.995,             0.83656,            0.017511,            0.011731,          0.00037723,            0.000925,            0.000925,            0.000925
                 277,            0.025827,            0.020465,           0.0026308,             0.99844,                   1,               0.995,             0.83485,             0.01764,            0.011739,          0.00037429,            0.000892,            0.000892,            0.000892
                 278,            0.026727,            0.023067,           0.0048999,             0.99843,                   1,               0.995,              0.8391,            0.017627,            0.011735,          0.00037351,            0.000859,            0.000859,            0.000859
                 279,            0.027162,            0.021582,           0.0053046,             0.99845,                   1,               0.995,             0.83511,            0.017509,            0.011708,          0.00037608,            0.000826,            0.000826,            0.000826
                 280,            0.027017,            0.021652,           0.0047013,             0.99844,                   1,               0.995,             0.84079,            0.017424,            0.011395,          0.00037622,            0.000793,            0.000793,            0.000793
                 281,            0.026446,            0.017601,           0.0040325,             0.99841,                   1,               0.995,             0.83523,            0.017342,            0.011273,          0.00037487,             0.00076,             0.00076,             0.00076
                 282,            0.026854,            0.022056,           0.0035471,             0.99841,                   1,               0.995,             0.84265,            0.017341,             0.01112,          0.00037444,            0.000727,            0.000727,            0.000727
                 283,            0.026666,            0.020098,           0.0038864,             0.99831,                   1,               0.995,             0.83788,            0.017418,            0.011311,          0.00037158,            0.000694,            0.000694,            0.000694
                 284,            0.027343,            0.022423,           0.0030343,              0.9983,                   1,               0.995,             0.84064,            0.017479,            0.011597,          0.00036521,            0.000661,            0.000661,            0.000661
                 285,            0.025118,            0.021424,            0.003645,             0.99829,                   1,               0.995,             0.83798,            0.017381,            0.011627,          0.00036414,            0.000628,            0.000628,            0.000628
                 286,            0.026959,            0.022939,           0.0034238,             0.99829,                   1,               0.995,             0.83767,            0.017355,             0.01165,          0.00036292,            0.000595,            0.000595,            0.000595
                 287,            0.026802,            0.023385,           0.0036685,             0.99827,                   1,               0.995,             0.84749,            0.017358,             0.01128,          0.00035913,            0.000562,            0.000562,            0.000562
                 288,            0.027029,            0.022459,           0.0045176,             0.99828,                   1,               0.995,             0.84853,            0.017287,            0.011036,          0.00036056,            0.000529,            0.000529,            0.000529
                 289,            0.026823,            0.021084,           0.0041362,             0.99829,                   1,               0.995,             0.84222,            0.017326,            0.010937,          0.00035784,            0.000496,            0.000496,            0.000496
                 290,            0.026398,            0.018205,           0.0026781,             0.99828,                   1,               0.995,             0.83505,            0.017376,            0.010941,          0.00035641,            0.000463,            0.000463,            0.000463
                 291,            0.029229,            0.025635,           0.0066774,             0.99831,                   1,               0.995,             0.83401,            0.017386,             0.01104,          0.00035419,             0.00043,             0.00043,             0.00043
                 292,            0.029378,             0.02448,           0.0081621,             0.99834,                   1,               0.995,             0.83758,            0.017376,            0.011162,          0.00035205,            0.000397,            0.000397,            0.000397
                 293,            0.027665,            0.021053,           0.0048038,             0.99835,                   1,               0.995,             0.84332,            0.017365,            0.011299,          0.00034933,            0.000364,            0.000364,            0.000364
                 294,            0.029213,            0.026501,            0.006749,             0.99841,                   1,               0.995,             0.84326,            0.017314,            0.011303,           0.0003449,            0.000331,            0.000331,            0.000331
                 295,            0.027062,             0.02285,           0.0057482,             0.99847,                   1,               0.995,             0.84757,            0.017222,            0.011395,          0.00033867,            0.000298,            0.000298,            0.000298
                 296,            0.025916,             0.02184,           0.0041318,             0.99848,                   1,               0.995,             0.84518,            0.017192,            0.011402,          0.00033731,            0.000265,            0.000265,            0.000265
                 297,            0.026928,            0.019871,           0.0029757,             0.99846,                   1,               0.995,              0.8443,            0.017197,            0.011372,           0.0003366,            0.000232,            0.000232,            0.000232
                 298,            0.027666,            0.023467,           0.0041927,             0.99847,                   1,               0.995,             0.84364,            0.017223,            0.011333,          0.00033581,            0.000199,            0.000199,            0.000199
                 299,            0.025798,            0.019943,           0.0035772,             0.99847,                   1,               0.995,             0.84411,            0.017312,            0.011299,          0.00033503,            0.000166,            0.000166,            0.000166
